Seed,Average Driving Time
12,77.59051248621
13,93.28213890843301
14,149.6738271354747
15,113.00928355196771
16,129.69324037587148
17,78.50983935742971
18,52.29621492060321
19,111.38608870967742
20,136.4955055044945
21,93.14152269987947
