Seed,Average Driving Time
12,189.20689655172413
13,346.4313725490196
14,325.1917808219178
15,382.12389380530976
16,322.8046875
17,299.2977099236641
18,307.12587412587413
19,411.96026490066225
20,371.4752475247525
21,365.2846715328467
