Seed,Average Driving Time
12,407.5374449339207
13,367.62654320987656
14,458.8542372881356
15,478.7991631799163
16,407.69948186528495
17,435.2211055276382
18,407.4310344827586
19,463.5681818181818
20,448.9406392694064
21,416.9025423728813
