Seed,Average Driving Time
12,386.1989247311828
13,406.41830065359477
14,436.8222222222222
15,439.76847290640393
16,410.0
17,387.2043010752688
18,418.7432950191571
19,441.4597701149425
20,463.68390804597703
21,434.8801652892562
