Seed,Average Driving Time
12,1430.1006902151848
13,1135.1787688905272
14,1225.7956341738802
15,1343.8695652173913
16,1085.9502446982056
17,1354.7708006279436
18,1120.2616147947676
19,1173.729239088451
20,1347.8001624695369
21,1313.80978051598
