Seed,Average Driving Time
12,284.88194444444446
13,406.76763485477176
14,448.3256880733945
15,411.921686746988
16,352.21875
17,381.1748251748252
18,403.3519553072626
19,390.84656084656086
20,396.3032786885246
21,364.02259887005647
