Seed,Average Driving Time
12,364.87640449438203
13,365.1462140992167
14,408.8189655172414
15,431.2105263157895
16,426.09505703422053
17,399.56825396825394
18,379.6407766990291
19,439.3115577889447
20,447.47386759581883
21,437.3321554770318
