Seed,Average Driving Time
12,314.18709677419355
13,408.1901639344262
14,456.7853881278539
15,409.46192893401013
16,407.46774193548384
17,440.89861751152074
18,395.39267015706804
19,411.71889400921657
20,452.44848484848484
21,412.4663677130045
