Seed,Average Driving Time
12,387.0269230769231
13,401.1729106628242
14,429.39871382636653
15,445.521582733813
16,433.53877551020406
17,445.69924812030075
18,392.00993377483445
19,439.8217821782178
20,452.1954887218045
21,426.37007874015745
