Seed,Average Driving Time
12,103.51869158878505
13,256.09558823529414
14,228.65740740740742
15,323.88646288209605
16,264.92
17,128.2289719626168
18,162.0
19,274.6205533596838
20,371.9896373056995
21,114.67857142857143
