Seed,Average Driving Time
12,300.1023622047244
13,403.9230769230769
14,443.0179372197309
15,412.8232044198895
16,408.7887323943662
17,342.8988095238095
18,374.1904761904762
19,449.319018404908
20,436.14285714285717
21,388.2432432432432
