Seed,Average Driving Time
12,255.87878787878788
13,371.9269406392694
14,418.2620320855615
15,346.4961832061069
16,373.0503597122302
17,418.7988505747126
18,352.6645569620253
19,363.95625
20,367.6222222222222
21,349.55737704918033
