Seed,Average Driving Time
12,265.03731343283584
13,405.68325791855204
14,442.74766355140184
15,390.6621621621622
16,332.61206896551727
17,390.8646616541353
18,390.90909090909093
19,382.61224489795916
20,380.21259842519686
21,345.2944444444444
