Seed,Average Driving Time
12,357.6839622641509
13,402.91253644314867
14,432.1044776119403
15,419.64516129032256
16,445.11538461538464
17,412.8767123287671
18,427.87984496124034
19,443.0316205533597
20,416.58744394618833
21,407.440329218107
