Seed,Average Driving Time
12,360.1162790697674
13,354.0323450134771
14,418.16326530612247
15,442.77142857142854
16,443.8414634146341
17,408.09415584415586
18,380.23972602739724
19,429.6098265895954
20,432.88284518828453
21,433.7360594795539
