Seed,Average Driving Time
12,188.06657151595473
13,342.6149120066646
14,281.6840148698885
15,265.4563426688633
16,321.5094398340249
17,280.589243315784
18,243.10990935311082
19,238.0184464029514
20,322.30334510700186
21,278.1626418988648
