Seed,Average Driving Time
12,627.7102661596958
13,591.0
14,665.8142201834862
15,666.2790519877676
16,591.0
17,591.0
18,591.0
19,591.0
20,591.0
21,628.3693830921553
